L,H,seed,variant,baseline_mse,student_mse_init,student_mse,fgl_delta,init_delta
8,5,0,A,108.34375,109.26909722222223,109.29166666666667,-0.8749158734737089,-0.020654919843021164
8,5,1,A,108.53125,109.28993055555556,109.39409722222223,-0.7950219150910255,-0.09531222697018749
8,5,0,E,108.34375,109.26909722222223,108.72222222222223,-0.34932538537961677,0.500484596196317
8,5,1,E,108.53125,109.28993055555556,108.83680555555556,-0.2815369357263987,0.41460818732029675
8,15,0,A,113.71875,111.97743055555556,121.92013888888889,-7.211993526915206,-8.879207429572547
8,15,1,A,121.94097222222223,111.30902777777777,113.74479166666667,6.721432842620804,-2.1882896091337405
8,15,0,E,113.71875,111.97743055555556,97.21354166666667,14.514060639369786,13.184700537992832
8,15,1,E,121.94097222222223,111.30902777777777,98.18576388888889,19.480907770722407,11.789936675297124
8,30,0,A,131.24479166666666,129.828125,117.140625,10.746458192785422,9.772535804549284
8,30,1,A,121.75173611111111,129.75,129.765625,-6.5821557415619765,-0.012042389210019268
8,30,0,E,131.24479166666666,129.828125,33.255208333333336,74.66169292432238,74.38520479801018
8,30,1,E,121.75173611111111,129.75,64.43576388888889,47.07610261090277,50.338524941126096
8,45,0,A,125.265625,128.09375,132.80208333333334,-6.0163818552243225,-3.675693258518345
8,45,1,A,125.12152777777777,124.03819444444444,134.25347222222223,-7.2984598307201445,-8.235590515914124
8,45,0,E,125.265625,128.09375,91.13368055555556,27.247654290188905,28.853921010544575
8,45,1,E,125.12152777777777,124.03819444444444,70.67708333333333,43.513251005966424,43.01990314363296
8,60,0,A,147.72395833333334,136.703125,136.40451388888889,7.662565078917377,0.21843766271701123
8,60,1,A,133.79340277777777,144.05034722222223,146.41145833333334,-9.430999805359125,-1.639087413978043
8,60,0,E,147.72395833333334,136.703125,111.46006944444444,24.548414013562276,18.46560241805413
8,60,1,E,133.79340277777777,144.05034722222223,87.97743055555556,34.24382015181989,38.92591565931086
20,5,0,A,106.515625,95.80208333333333,106.82986111111111,-0.2950140987400809,-11.510999963756307
20,5,1,A,106.58506944444444,106.54861111111111,106.65798611111111,-0.06841170817520358,-0.10265267548719284
20,5,0,E,106.515625,95.80208333333333,29.958333333333332,71.87423597868076,68.72893334783082
20,5,1,E,106.58506944444444,106.54861111111111,56.29340277777778,47.18453243855162,47.166460275043995
20,15,0,A,136.13888888888889,109.55729166666667,85.4375,37.24239951030402,22.015688138816262
20,15,1,A,118.66666666666667,107.98958333333333,118.72743055555556,-0.05120552434456663,-9.943410179736992
20,15,0,E,136.13888888888889,109.55729166666667,57.36631944444444,57.86191593552337,47.63806354488551
20,15,1,E,118.66666666666667,107.98958333333333,94.14236111111111,20.666549625468164,12.822738818687496
20,30,0,A,118.69618055555556,110.97395833333333,120.13020833333333,-1.2081498924951313,-8.250809593091473
20,30,1,A,119.77604166666667,120.515625,130.94618055555554,-9.325854096911176,-8.654940432458897
20,30,0,E,118.69618055555556,110.97395833333333,81.52604166666667,31.315362225570066,26.53588022715539
20,30,1,E,119.77604166666667,120.515625,94.60590277777777,21.014335203142448,21.499056427099994
20,45,0,A,122.32118055555556,139.05902777777777,137.79513888888889,-12.650268958371768,0.9088866138979728
20,45,1,A,130.12847222222223,131.11111111111111,123.33159722222223,5.22320356485311,5.933527542372879
20,45,0,E,122.32118055555556,139.05902777777777,94.70486111111111,22.576890869608413,31.89592748882618
20,45,1,E,130.12847222222223,131.11111111111111,78.75,39.48288283480535,39.936440677966104
20,60,0,A,14.791666666666666,15.208333333333334,15.484375,-4.6830985915492995,-1.8150684931506809
20,60,1,A,14.87326388888889,15.309027777777779,16.37326388888889,-10.085210692190966,-6.951689725561348
20,60,0,E,14.791666666666666,15.208333333333334,15.803819444444445,-6.842723004694841,-3.9155251141552485
20,60,1,E,14.87326388888889,15.309027777777779,15.772569444444445,-6.046457336290415,-3.027897482422314
35,5,0,A,106.43923611111111,106.48090277777777,106.51909722222223,-0.07502976724461631,-0.035869760161751876
35,5,1,A,106.46006944444444,106.54513888888889,106.53993055555556,-0.07501508455504936,0.004888381945571569
35,5,0,E,106.43923611111111,106.48090277777777,56.270833333333336,47.13337356668678,47.154060619894665
35,5,1,E,106.46006944444444,106.54513888888889,85.20833333333333,19.962166305180936,20.026071370376407
35,15,0,A,113.43055555555556,109.03819444444444,108.35590277777777,4.473796987878053,0.625736394611984
35,15,1,A,132.08333333333334,109.49826388888889,119.80729166666667,9.294164037854893,-9.414786510440623
35,15,0,E,113.43055555555556,109.03819444444444,78.57986111111111,30.724256152810085,27.93363691367066
35,15,1,E,132.08333333333334,109.49826388888889,86.06770833333333,34.83832807570979,21.398106895403597
35,30,0,A,128.19444444444446,132.71527777777777,130.84375,-2.0666305525460356,1.4101826173407939
35,30,1,A,126.890625,128.01909722222223,130.74652777777777,-3.038760962661955,-2.1304872591166037
35,30,0,E,128.19444444444446,132.71527777777777,103.01388888888889,19.642470205850497,22.379781277798124
35,30,1,E,126.890625,128.01909722222223,91.92361111111111,27.556814294900732,28.19539185505635
35,45,0,A,15.140625,15.03298611111111,15.085069444444445,0.3669303978901489,-0.3464603302921855
35,45,1,A,14.949652777777779,14.63888888888889,44.748263888888886,-199.32644292184412,-205.68074003795064
35,45,0,E,15.140625,15.03298611111111,16.30034722222222,-7.6596720559568805,-8.430534703776416
35,45,1,E,14.949652777777779,14.63888888888889,14.913194444444445,0.24387411450470722,-1.8738140417457292
35,60,0,A,14.241319444444445,29.97048611111111,30.020833333333332,-110.80092649030841,-0.1679893413659245
35,60,1,A,14.229166666666666,30.223958333333332,44.05381944444444,-209.6022449975598,-45.75794129473261
35,60,0,E,14.241319444444445,29.97048611111111,14.453125,-1.4872607582591721,51.77547355616058
35,60,1,E,14.229166666666666,30.223958333333332,14.366319444444445,-0.9638848218643297,52.46711471078178
50,5,0,A,106.45659722222223,106.46354166666667,106.47916666666667,-0.02120060666351227,-0.014676385695416074
50,5,1,A,106.45138888888889,83.13715277777777,106.46527777777777,-0.013047165503291444,-28.05980746340343
50,5,0,E,106.45659722222223,106.46354166666667,55.90972222222222,47.481204846784856,47.48463056275786
50,5,1,E,106.45138888888889,83.13715277777777,56.467013888888886,46.95511775066867,32.07968759788669
50,15,0,A,108.15104166666667,120.15798611111111,120.53819444444444,-11.45356770206276,-0.3164236898758828
50,15,1,A,108.02604166666667,113.671875,114.86631944444444,-6.3320637063465215,-1.0507827415043896
50,15,0,E,108.15104166666667,120.15798611111111,108.72743055555556,-0.5329480696685098,9.51293869471616
50,15,1,E,108.02604166666667,113.671875,92.515625,14.358034810279161,18.61168384879725
50,30,0,A,14.838541666666666,44.109375,43.954861111111114,-196.22089622089626,0.3502971621993867
50,30,1,A,14.819444444444445,14.809027777777779,30.727430555555557,-107.34536082474229,-107.49120750293085
50,30,0,E,14.838541666666666,44.109375,15.4375,-4.0365040365040405,65.00177116542685
50,30,1,E,14.819444444444445,14.809027777777779,15.61111111111111,-5.3420805998125545,-5.4161781946072605
50,45,0,A,14.227430555555555,43.795138888888886,43.8125,-207.9438682123246,-0.039641639578220166
50,45,1,A,14.244791666666666,29.75173611111111,29.789930555555557,-109.1285801340646,-0.12837719554181676
50,45,0,E,14.227430555555555,43.795138888888886,14.47048611111111,-1.70835875533862,66.9586934115595
50,45,1,E,14.244791666666666,29.75173611111111,14.394097222222221,-1.0481413772090176,51.619303261947834
50,60,0,A,14.133680555555555,43.65972222222222,43.671875,-208.99152438275394,-0.027835215524099156
50,60,1,A,14.125,43.63194444444444,43.6875,-209.29203539823007,-0.12732770969282553
50,60,0,E,14.133680555555555,43.65972222222222,14.135416666666666,-0.012283503255125571,67.62366788611422
50,60,1,E,14.125,43.63194444444444,14.125,0.0,67.62692981060003
72,5,0,A,14.114583333333334,14.383680555555555,14.319444444444445,-1.4514145141451387,0.4465902232951089
72,5,1,A,14.11111111111111,14.645833333333334,14.62673611111111,-3.6540354330708666,0.13039355144618975
72,5,0,E,14.114583333333334,14.383680555555555,14.175347222222221,-0.4305043050430406,1.4484007242003663
72,5,1,E,14.11111111111111,14.645833333333334,14.128472222222221,-0.12303149606298933,3.532479848269331
72,15,0,A,14.098958333333334,14.15451388888889,14.131944444444445,-0.23396133481098105,0.15945050901508787
72,15,1,A,14.116319444444445,14.722222222222221,14.659722222222221,-3.849465010453812,0.42452830188679247
72,15,0,E,14.098958333333334,14.15451388888889,14.175347222222221,-0.5418051964043739,-0.14718508524468682
72,15,1,E,14.116319444444445,14.722222222222221,14.152777777777779,-0.25827081539786423,3.8679245283018764
72,30,0,A,14.11111111111111,14.604166666666666,14.128472222222221,-0.12303149606298933,3.257251545411319
72,30,1,A,14.09375,14.59548611111111,14.616319444444445,-3.7078098053707826,-0.1427381943618454
72,30,0,E,14.11111111111111,14.604166666666666,14.10763888888889,0.02460629921259283,3.399904897765091
72,30,1,E,14.09375,14.59548611111111,14.128472222222221,-0.24636610002463102,3.1997145236112794
72,45,0,A,14.131944444444445,14.583333333333334,16.270833333333332,-15.135135135135124,-11.571428571428559
72,45,1,A,14.088541666666666,14.619791666666666,14.59548611111111,-3.5982747997535447,0.16625103906899283
72,45,0,E,14.131944444444445,14.583333333333334,14.11111111111111,0.1474201474201516,3.238095238095245
72,45,1,E,14.088541666666666,14.619791666666666,14.11111111111111,-0.16019716574245366,3.4793967462296624
72,60,0,A,12.009765625,12.515625,12.734375,-6.033501382338591,-1.7478152309612984
72,60,1,A,12.025390625,12.521484375,12.50390625,-3.9792106545395485,0.14038371548900327
72,60,0,E,12.009765625,12.515625,12.130859375,-1.0082940315498456,3.0742821473158553
72,60,1,E,12.025390625,12.521484375,12.041015625,-0.12993340912782197,3.837154890032756
