dataset,L,H,seed,arm,baseline_mse,student_mse,rounds_used,total_epochs,mse_curve_test
tau100,20,15,0,A_iter,179.28645833333334,145.31770833333334,6,90,160.120;153.513;151.084;149.760;147.001;146.607;145.318
tau100,20,15,0,E_iter,179.28645833333334,148.75607638888889,2,30,160.120;148.756;155.251
tau100,20,15,1,A_iter,171.36371527777777,144.78993055555554,7,105,160.975;158.409;152.130;147.678;146.735;145.935;145.179;144.790
tau100,20,15,1,E_iter,171.36371527777777,139.89409722222223,6,90,160.975;157.275;154.701;142.517;145.095;139.894;141.183
tau100,20,15,2,A_iter,166.87760416666666,145.90277777777777,5,75,160.250;152.016;150.069;147.355;146.153;145.903
tau100,20,15,2,E_iter,166.87760416666666,141.13715277777777,4,60,160.250;155.670;154.361;141.137;145.219
tau100,20,15,3,A_iter,171.93836805555554,146.84809027777777,6,90,159.813;159.076;157.539;149.380;148.245;147.679;146.848
tau100,20,15,3,E_iter,171.93836805555554,136.19878472222223,6,90,159.813;156.020;145.911;144.146;140.761;136.199;142.389
tau100,20,15,4,A_iter,171.88107638888889,143.70052083333334,6,90,161.839;156.865;151.405;147.385;146.093;144.746;143.701
tau100,20,15,4,E_iter,171.88107638888889,161.83854166666666,1,15,161.839;164.188
tau100,50,15,0,A_iter,140.42274305555554,117.33680555555556,10,150,140.159;138.115;136.877;127.107;125.176;122.269;121.619;119.599;119.208;117.767;117.337
tau100,50,15,0,E_iter,140.42274305555554,76.76128472222223,5,75,140.159;137.313;132.914;128.057;76.761;122.804
tau100,50,15,1,A_iter,140.32552083333334,117.56684027777777,7,105,141.491;138.885;136.388;128.017;122.866;121.436;118.257;117.567
tau100,50,15,1,E_iter,140.32552083333334,74.19010416666667,7,105,141.491;137.798;136.687;130.585;130.323;126.229;74.190;122.868
tau100,50,15,2,A_iter,144.65277777777777,116.65885416666667,9,135,140.796;139.915;136.981;129.646;122.268;119.701;119.003;116.754;116.659;115.630
tau100,50,15,2,E_iter,144.65277777777777,128.65104166666666,4,60,140.796;136.448;135.343;128.651;129.355
tau100,50,15,3,A_iter,138.15451388888889,119.63802083333333,6,90,140.497;138.913;136.498;130.091;123.890;121.328;119.638
tau100,50,15,3,E_iter,138.15451388888889,77.89322916666667,4,60,140.497;138.273;134.908;77.893;126.557
tau100,50,15,4,A_iter,138.47569444444446,119.45659722222223,6,90,144.955;140.228;126.195;122.861;120.880;120.278;119.457
tau100,50,15,4,E_iter,138.47569444444446,144.95486111111111,1,15,144.955;146.753
tau100,85,15,0,A_iter,139.0078125,120.53732638888889,4,60,141.648;127.443;121.715;120.537;119.009
tau100,85,15,0,E_iter,139.0078125,74.42361111111111,4,60,141.648;125.786;104.024;74.424;112.381
tau100,85,15,1,A_iter,139.06684027777777,115.91927083333333,6,90,140.896;133.601;122.896;119.989;117.202;117.260;115.919
tau100,85,15,1,E_iter,139.06684027777777,74.74565972222223,4,60,140.896;128.546;105.122;74.746;89.951
tau100,85,15,2,A_iter,138.39322916666666,120.75520833333333,5,75,138.309;137.727;123.611;121.173;120.319;120.755
tau100,85,15,2,E_iter,138.39322916666666,77.99131944444444,5,75,138.309;127.783;125.186;114.610;77.991;118.329
tau100,85,15,3,A_iter,137.56163194444446,120.22482638888889,6,90,137.281;128.186;125.090;122.516;121.701;120.792;120.225
tau100,85,15,3,E_iter,137.56163194444446,124.40277777777777,2,30,137.281;124.403;125.184
tau100,85,15,4,A_iter,139.67621527777777,121.29600694444444,4,60,139.589;128.119;122.851;121.903;121.296
tau100,85,15,4,E_iter,139.67621527777777,83.48784722222223,4,60,139.589;123.264;118.981;83.488;116.467
tau100,100,30,0,A_iter,201.07899305555554,87.5,10,150,201.619;200.709;198.371;192.536;186.642;139.288;115.663;101.826;96.846;93.753;87.500
tau100,100,30,0,E_iter,201.07899305555554,169.50086805555554,2,30,201.619;169.501;175.740
tau100,100,30,1,A_iter,196.99565972222223,92.89496527777777,10,150,201.371;196.489;191.277;185.990;170.516;135.260;117.412;100.935;99.438;93.885;92.895
tau100,100,30,1,E_iter,196.99565972222223,167.53645833333334,2,30,201.371;167.536;161.998
tau100,100,30,2,A_iter,200.45920138888889,79.73697916666667,10,150,201.025;187.519;186.016;173.926;136.200;108.908;101.414;94.286;87.851;84.510;79.737
tau100,100,30,2,E_iter,200.45920138888889,144.1171875,2,30,201.025;144.117;166.054
tau100,100,30,3,A_iter,201.0078125,95.58246527777777,10,150,201.166;195.915;193.531;191.155;188.057;154.582;131.956;116.358;104.791;100.960;95.582
tau100,100,30,3,E_iter,201.0078125,164.66145833333334,2,30,201.166;164.661;172.671
tau100,100,30,4,A_iter,200.84809027777777,91.90104166666667,10,150,200.479;193.536;191.939;187.654;175.089;140.490;116.761;106.995;99.766;98.682;91.901
tau100,100,30,4,E_iter,200.84809027777777,135.94184027777777,4,60,200.479;164.498;153.276;135.942;136.623
