dataset,L,H,seed,alpha,teacher_mse,baseline_mse,student_mse,improvement,teacher_epochs,baseline_epochs,student_epochs,teacher_val_mse_normalized,baseline_val_mse_normalized,student_val_mse_normalized,n_test,d_model,nhead,dim_feedforward,dropout,lr,epochs,batch_size,patience
h2o,20,12,0,0.5,0.00978761647036071,0.0019335325337392151,0.002611009830698628,-35.03831899064325,50,50,50,0.1981285959482193,0.040113747119903564,0.05383361130952835,594,32,4,64,0.1,0.0005,50,64,10
h2o,20,12,1,0.5,0.009628125404492099,0.002039586290250321,0.002789473363159696,-36.766626471946935,50,49,47,0.19498813152313232,0.04180731996893883,0.05710851401090622,594,32,4,64,0.1,0.0005,50,64,10
h2o,20,12,2,0.5,0.009812437673351056,0.0020120531106326356,0.0028553706674011195,-41.91328510723683,50,50,50,0.19866107404232025,0.04161842167377472,0.05893759801983833,594,32,4,64,0.1,0.0005,50,64,10
h2o,20,12,3,0.5,0.009414277753064882,0.00215725122091951,0.0024630022617379474,-14.17317732183801,50,50,50,0.19073525071144104,0.044273439794778824,0.05059565231204033,594,32,4,64,0.1,0.0005,50,64,10
h2o,20,12,4,0.5,0.01052557681059447,0.002517816435105497,0.002688230522712388,-6.768328510007137,50,50,50,0.21296367049217224,0.05113034322857857,0.05520031228661537,594,32,4,64,0.1,0.0005,50,64,10
h2o,20,15,0,0.5,0.009717830338475775,0.0012791625797136438,0.0020156206305415097,-57.57345176503921,50,50,50,0.19645966589450836,0.027084311470389366,0.04118705540895462,593,32,4,64,0.1,0.0005,50,64,10
h2o,20,15,1,0.5,0.00997222689286148,0.0012818349668282194,0.002466157509600224,-92.39274738326884,50,50,45,0.2017948180437088,0.026307841762900352,0.05055723711848259,593,32,4,64,0.1,0.0005,50,64,10
h2o,20,15,2,0.5,0.009802937842426347,0.002030389689431235,0.002432390094152204,-19.799174848724718,50,42,50,0.1982131451368332,0.04183020070195198,0.04928756505250931,593,32,4,64,0.1,0.0005,50,64,10
h2o,20,15,3,0.5,0.009350963155118642,0.0013444291505801422,0.0024729826219539192,-83.94294864008182,50,50,50,0.18934649229049683,0.027510590851306915,0.050280407071113586,593,32,4,64,0.1,0.0005,50,64,10
h2o,20,15,4,0.5,0.010344451348262073,0.0016672847212497461,0.002287892603543252,-37.22266955270345,50,49,44,0.2091405689716339,0.03482060134410858,0.04699350893497467,593,32,4,64,0.1,0.0005,50,64,10
