dataset,L,H,seed,arm,student_mse_bin_index,baseline_mse_bin_index,student_mse_centroid,student_mse_bin_center,baseline_mse_centroid,baseline_mse_bin_center,continuous_delta,rounds_used,total_epochs
h2o,20,15,0,A_single,119.55729166666667,127.72222222222223,0.04666293900416193,0.046383717775710966,0.049803502212924976,0.04948752399452831,6.30590835828411,0,0
h2o,20,15,0,A_iter,30.005208333333332,127.72222222222223,0.01172169384187968,0.011666747842536518,0.049803502212924976,0.04948752399452831,76.46411733904593,4,60
h2o,20,15,0,E_single,31.25,127.72222222222223,0.012173530860073653,0.012155997878089395,0.049803502212924976,0.04948752399452831,75.55687789178332,1,15
h2o,20,15,0,E_iter,29.93923611111111,127.72222222222223,0.011703258916758013,0.011638973106260933,0.049803502212924976,0.04948752399452831,76.50113265785396,5,75
h2o,20,15,0,E_soft_single,57.348958333333336,127.72222222222223,0.022395354029084196,0.02229857244165272,0.049803502212924976,0.04948752399452831,55.0325719397457,1,15
h2o,20,15,0,E_soft_iter,29.958333333333332,127.72222222222223,0.011699543822301758,0.011640804469282121,0.049803502212924976,0.04948752399452831,76.50859216228875,5,75
h2o,20,15,1,A_single,108.19444444444444,118.67361111111111,0.04223622056922648,0.041994225915854125,0.04631004976477958,0.04603985239901868,8.796857736593031,0,0
h2o,20,15,1,A_iter,30.651041666666668,118.67361111111111,0.011943420421763211,0.011880681207314437,0.04631004976477958,0.04603985239901868,74.20987348874196,4,60
h2o,20,15,1,E_single,31.178819444444443,118.67361111111111,0.012137543550081037,0.012114249359286304,0.04631004976477958,0.04603985239901868,73.79069205986458,1,15
h2o,20,15,1,E_iter,31.161458333333332,118.67361111111111,0.012135212361717662,0.012111108740818796,0.04631004976477958,0.04603985239901868,73.79572593129252,2,30
h2o,20,15,1,E_soft_single,77.48784722222223,118.67361111111111,0.03024558442433586,0.030073994427992443,0.04631004976477958,0.04603985239901868,34.68893992133282,1,15
h2o,20,15,1,E_soft_iter,30.79513888888889,118.67361111111111,0.01200731365142564,0.011966638806098573,0.04631004976477958,0.04603985239901868,74.07190509961916,5,75
h2o,20,15,2,A_single,99.09895833333333,118.48090277777777,0.03869149776194691,0.03842830085717298,0.0462465066173362,0.045968801809395075,16.3363882117686,0,0
h2o,20,15,2,A_iter,30.09375,118.48090277777777,0.011760373270246552,0.011686510535912216,0.0462465066173362,0.045968801809395075,74.57024512671407,5,75
h2o,20,15,2,E_single,56.46875,118.48090277777777,0.022044493706638243,0.021939545970724634,0.0462465066173362,0.045968801809395075,52.33262938313587,1,15
h2o,20,15,2,E_iter,56.451388888888886,118.48090277777777,0.02204134189838645,0.021936285893080564,0.0462465066173362,0.045968801809395075,52.33944461845271,2,30
h2o,20,15,2,E_soft_single,77.96180555555556,118.48090277777777,0.03042495131291935,0.030244469882778163,0.0462465066173362,0.045968801809395075,34.21135229809099,1,15
h2o,20,15,2,E_soft_iter,30.005208333333332,118.48090277777777,0.011721346863643376,0.011649581545094564,0.0462465066173362,0.045968801809395075,74.65463292042594,5,75
h2o,20,15,3,A_single,108.14409722222223,135.91666666666666,0.04222141826070751,0.04197496339694597,0.05293955457537574,0.05259131515605368,20.245988846407215,0,0
h2o,20,15,3,A_iter,30.03125,135.91666666666666,0.011736224911522245,0.01167093616130644,0.05293955457537574,0.05259131515605368,77.83089599892247,5,75
h2o,20,15,3,E_single,57.01909722222222,135.91666666666666,0.022268769528572537,0.02216874399019965,0.05293955457537574,0.05259131515605368,57.93547998809455,1,15
h2o,20,15,3,E_iter,30.303819444444443,135.91666666666666,0.011814807667153641,0.01178744327040678,0.05293955457537574,0.05259131515605368,77.68245735741574,2,30
h2o,20,15,3,E_soft_single,57.640625,135.91666666666666,0.02254226996958169,0.022391114851611566,0.05293955457537574,0.05259131515605368,57.41885221666186,1,15
h2o,20,15,3,E_soft_iter,29.84375,135.91666666666666,0.011655604590086143,0.01159998340603257,0.05293955457537574,0.05259131515605368,77.98318349375079,5,75
h2o,20,15,4,A_single,109.19791666666667,136.29861111111111,0.04259611844232579,0.042368293991915607,0.053113217969198025,0.05275152093686372,19.801284744169376,0,0
h2o,20,15,4,A_iter,29.833333333333332,136.29861111111111,0.011654293535343257,0.011598908516410347,0.053113217969198025,0.05275152093686372,78.0576399228871,5,75
h2o,20,15,4,E_single,33.345486111111114,136.29861111111111,0.013040355234444393,0.012982458558531142,0.053113217969198025,0.05275152093686372,75.44800384339942,1,15
h2o,20,15,4,E_iter,30.368055555555557,136.29861111111111,0.011871529224787347,0.011814168119559706,0.053113217969198025,0.05275152093686372,77.64863497506023,4,60
h2o,20,15,4,E_soft_single,57.95659722222222,136.29861111111111,0.02257975764141631,0.022491081109747704,0.053113217969198025,0.05275152093686372,57.48749839538812,1,15
h2o,20,15,4,E_soft_iter,29.69965277777778,136.29861111111111,0.011596389144308975,0.011548657334587454,0.053113217969198025,0.05275152093686372,78.16666060219873,5,75
h2o,20,12,0,A_single,118.64756944444444,135.84895833333334,0.046235630871022684,0.045954753595047124,0.052838429343844764,0.05249020761029874,12.496205043973834,0,0
h2o,20,12,0,A_iter,29.803819444444443,135.84895833333334,0.011630498655770533,0.011568545597893873,0.052838429343844764,0.05249020761029874,77.9885609769258,5,75
h2o,20,12,0,E_single,31.65625,135.84895833333334,0.012352741660363249,0.012299538641040823,0.052838429343844764,0.05249020761029874,76.62167135972553,1,15
h2o,20,12,0,E_iter,29.993055555555557,135.84895833333334,0.011681291030858576,0.011641324146633259,0.052838429343844764,0.05249020761029874,77.89243326132413,5,75
h2o,20,12,0,E_soft_single,57.66493055555556,135.84895833333334,0.022530243006879568,0.02239131779000511,0.052838429343844764,0.05249020761029874,57.360119733566314,1,15
h2o,20,12,0,E_soft_iter,29.9375,135.84895833333334,0.011665079348030816,0.011623611725461391,0.052838429343844764,0.05249020761029874,77.92311487512129,5,75
h2o,20,12,1,A_single,95.94097222222223,127.67361111111111,0.03736234417737729,0.03715610935156531,0.0497079581861615,0.049390169346937324,24.836292737168144,0,0
h2o,20,12,1,A_iter,29.973958333333332,127.67361111111111,0.011685295772865473,0.011622450756123807,0.0497079581861615,0.049390169346937324,76.49210267478134,4,60
h2o,20,12,1,E_single,30.23784722222222,127.67361111111111,0.011776242717782196,0.011753260553833526,0.0497079581861615,0.049390169346937324,76.30914013068303,1,15
h2o,20,12,1,E_iter,30.256944444444443,127.67361111111111,0.011780189143092779,0.011758878172283667,0.0497079581861615,0.049390169346937324,76.30120090836414,2,30
h2o,20,12,1,E_soft_single,58.51909722222222,127.67361111111111,0.022769343256633483,0.02267725156579893,0.0497079581861615,0.049390169346937324,54.19376677802795,1,15
h2o,20,12,1,E_soft_iter,30.15625,127.67361111111111,0.011744638044452926,0.011691176739876998,0.0497079581861615,0.049390169346937324,76.37272084186594,5,75
h2o,20,12,2,A_single,96.06423611111111,127.77604166666667,0.03740355597674314,0.037197501559532546,0.04973788502587701,0.04942104960799166,24.798660101282387,0,0
h2o,20,12,2,A_iter,29.98611111111111,127.77604166666667,0.011685418998062766,0.011635678583304306,0.04973788502587701,0.04942104960799166,76.50599941677612,5,75
h2o,20,12,2,E_single,30.288194444444443,127.77604166666667,0.011820950224865675,0.011742796496838815,0.04973788502587701,0.04942104960799166,76.23350848409494,1,15
h2o,20,12,2,E_iter,29.875,127.77604166666667,0.011642868443408613,0.0115938036999654,0.04973788502587701,0.04942104960799166,76.59154900263411,4,60
h2o,20,12,2,E_soft_single,57.53125,127.77604166666667,0.022409823235242137,0.022277938625273573,0.04973788502587701,0.04942104960799166,54.9441573086933,1,15
h2o,20,12,2,E_soft_iter,30.07465277777778,127.77604166666667,0.011717688404935799,0.011660929585226947,0.04973788502587701,0.04942104960799166,76.44112048825666,4,60
h2o,20,12,3,A_single,108.05902777777777,135.89756944444446,0.04210289463667392,0.041854860328682734,0.05284539697100373,0.05249442383629593,20.32817038014536,0,0
h2o,20,12,3,A_iter,29.901041666666668,135.89756944444446,0.011666326780205948,0.011601514798474346,0.05284539697100373,0.05249442383629593,77.92366516499581,5,75
h2o,20,12,3,E_single,33.82465277777778,135.89756944444446,0.013284814063506942,0.013158625599408882,0.05284539697100373,0.05249442383629593,74.86098160867952,1,15
h2o,20,12,3,E_iter,29.914930555555557,135.89756944444446,0.011682826957509086,0.01160448812692465,0.05284539697100373,0.05249442383629593,77.89244167487387,4,60
h2o,20,12,3,E_soft_single,57.03125,135.89756944444446,0.022247783201480638,0.022115529509732296,0.05284539697100373,0.05249442383629593,57.900243963181886,1,15
h2o,20,12,3,E_soft_iter,29.913194444444443,135.89756944444446,0.011653160251744857,0.011607114107191977,0.05284539697100373,0.05249442383629593,77.94858035007486,4,60
h2o,20,12,4,A_single,92.34375,135.88715277777777,0.03597346918125693,0.03577647065456861,0.0528454617915038,0.0524960757639937,31.927041676376195,0,0
h2o,20,12,4,A_iter,29.95486111111111,135.88715277777777,0.011695408909517545,0.011629969285624311,0.0528454617915038,0.0524960757639937,77.8686598375078,5,75
h2o,20,12,4,E_single,33.173611111111114,135.88715277777777,0.013038839867536971,0.012891546328246097,0.0528454617915038,0.0524960757639937,75.32647189463432,1,15
h2o,20,12,4,E_iter,30.32465277777778,135.88715277777777,0.011867888944396242,0.011770823075197475,0.0528454617915038,0.0524960757639937,77.54227412900705,3,45
h2o,20,12,4,E_soft_single,58.229166666666664,135.88715277777777,0.0227374448558821,0.02259849093357148,0.0528454617915038,0.0524960757639937,56.97370391881466,1,15
h2o,20,12,4,E_soft_iter,29.713541666666668,135.88715277777777,0.011581079146479675,0.011536813622012856,0.0528454617915038,0.0524960757639937,78.08500720048279,5,75
