dataset,L,H,method,seed,val_mse,test_mse,n_test,epochs
h2o,20,15,ridge,0,0.03885525734902407,0.03921913323739558,593,0
h2o,20,15,dlinear,0,0.026615201950872722,0.028527651075920795,593,32
h2o,20,15,patchtst,0,7.933468367953959e-05,7.264030883186507e-05,593,37
h2o,20,15,gru,0,0.03902716247263862,0.04286001516975166,593,7
h2o,20,15,tcn,0,0.0001597755140493587,0.00015335110217026842,593,32
h2o,20,15,ridge,1,0.03885525734902407,0.03921913323739558,593,0
h2o,20,15,dlinear,1,0.026691855392927802,0.028536948249956073,593,22
h2o,20,15,patchtst,1,0.00026000981360696013,0.00025117021759113223,593,20
h2o,20,15,gru,1,0.038389441366447466,0.04270917508142984,593,7
h2o,20,15,tcn,1,0.0002873963659607354,0.0002768655448841901,593,26
h2o,20,15,ridge,2,0.03885525734902407,0.03921913323739558,593,0
h2o,20,15,dlinear,2,0.026635438555568665,0.028514759603212307,593,28
h2o,20,15,patchtst,2,0.00013593518376238663,0.00012800625162390043,593,32
h2o,20,15,gru,2,0.03915700905574229,0.04289030011655493,593,7
h2o,20,15,tcn,2,0.0002430001903108439,0.00023360223508108786,593,19
h2o,20,15,ridge,3,0.03885525734902407,0.03921913323739558,593,0
h2o,20,15,dlinear,3,0.02661153346236329,0.028532517219879934,593,37
h2o,20,15,patchtst,3,0.00017851685027238915,0.0001695167167159731,593,25
h2o,20,15,gru,3,0.03877921666217207,0.04312422657571091,593,7
h2o,20,15,tcn,3,0.00017184804966403569,0.00016614484454770983,593,35
h2o,20,15,ridge,4,0.03885525734902407,0.03921913323739558,593,0
h2o,20,15,dlinear,4,0.026637909774289835,0.02852453898893621,593,29
h2o,20,15,patchtst,4,0.0001674337625419114,0.00015873627360851324,593,34
h2o,20,15,gru,4,0.03660042157015425,0.040945344193697435,593,8
h2o,20,15,tcn,4,0.0003486290801530954,0.0003388949002679693,593,21
h2o,20,12,ridge,0,0.04037353674388432,0.040806416207745104,594,0
h2o,20,12,dlinear,0,0.028696296009218095,0.030848861997727496,594,31
h2o,20,12,patchtst,0,0.00027645806800684407,0.000258656653872132,594,31
h2o,20,12,gru,0,0.038195580085922436,0.04173185640745658,594,8
h2o,20,12,tcn,0,0.0016991506738618792,0.0016715723227299236,594,13
h2o,20,12,ridge,1,0.04037353674388432,0.040806416207745104,594,0
h2o,20,12,dlinear,1,0.02870074682641058,0.030918655259368058,594,30
h2o,20,12,patchtst,1,0.0001137582976873362,0.00010627780154558835,594,34
h2o,20,12,gru,1,0.038640602654918484,0.041993830051452956,594,8
h2o,20,12,tcn,1,0.0006406412146052624,0.0006136347414520736,594,26
h2o,20,12,ridge,2,0.04037353674388432,0.040806416207745104,594,0
h2o,20,12,dlinear,2,0.028726026427656884,0.030906929012083882,594,29
h2o,20,12,patchtst,2,0.0001116166528315125,0.00010347659513884242,594,48
h2o,20,12,gru,2,0.03944804905792356,0.04279601867705628,594,7
h2o,20,12,tcn,2,0.00020747322523416648,0.00019820430434809648,594,26
h2o,20,12,ridge,3,0.04037353674388432,0.040806416207745104,594,0
h2o,20,12,dlinear,3,0.028743596186896384,0.030867733357702883,594,23
h2o,20,12,patchtst,3,0.00041951401047390094,0.0004076412917595288,594,30
h2o,20,12,gru,3,0.04048107090278922,0.0442791913043019,594,7
h2o,20,12,tcn,3,0.00028751674608142735,0.00028420641393885884,594,27
h2o,20,12,ridge,4,0.04037353674388432,0.040806416207745104,594,0
h2o,20,12,dlinear,4,0.028705715385903312,0.03087192314379347,594,31
h2o,20,12,patchtst,4,0.0001357259010703858,0.00012715069009945062,594,45
h2o,20,12,gru,4,0.036677675880083555,0.040384271903321396,594,9
h2o,20,12,tcn,4,0.00040635982846437817,0.0003956261250110152,594,24
