L,H,source,method,mean_physical_mse,std_physical_mse,n,ratio_vs_best_distill,percent_better_than_best_distill,welch_t_vs_E_iter,welch_p_vs_E_iter
20,12,continuous_distillation_remap,RNN_baseline_remap,0.05159502626367815,0.0015547302665100452,30,4.42028545380426,-342.02854538042595,,
20,12,continuous_distillation_remap,A_iter_remap,0.011672589823284452,2.5776111363282293e-05,5,1.0000223420839802,-0.002234208398017473,,
20,12,continuous_distillation_remap,E_iter_remap,0.011731012903853057,9.18108775782144e-05,5,1.0050276054185516,-0.5027605418551685,,
20,12,continuous_distillation_remap,E_soft_iter_remap,0.011672329039128815,6.330996694170955e-05,5,1.0,0.0,,
20,12,external_baseline,ridge,0.040806416207745104,0.0,5,3.495996049370346,-249.5996049370346,708.135898225547,2.3860472104545412e-11
20,12,external_baseline,dlinear,0.03088282055413516,2.9003898209670883e-05,5,2.645814768467164,-164.5814768467164,444.778773305678,3.0404358350227644e-12
20,12,external_baseline,patchtst,0.00020064060648310845,0.0001322508008726367,5,0.01718942344844004,98.28105765515599,-160.14556855464383,6.092775888028955e-14
20,12,external_baseline,gru,0.042237033668717824,0.0014343944952646826,5,3.6185609167740065,-261.8560916774006,47.45851551110076,1.0767183775679653e-06
20,12,external_baseline,tcn,0.0006326487814959935,0.0006012606517079694,5,0.054200732293887804,94.57992677061121,-40.801507304833954,1.324556556254966e-06
20,15,continuous_distillation_remap,RNN_baseline_remap,0.04968256622792289,0.003070628698497314,30,4.233333207836236,-323.33332078362366,,
20,15,continuous_distillation_remap,A_iter_remap,0.011763201196150989,0.00010816471862254441,5,1.0023143737317135,-0.23143737317135896,,
20,15,continuous_distillation_remap,E_iter_remap,0.013913230013760625,0.004546521755309012,5,1.1855132115219464,-18.551321152194657,,
20,15,continuous_distillation_remap,E_soft_iter_remap,0.01173603961435318,0.0001589885765258604,5,1.0,0.0,,
20,15,external_baseline,ridge,0.03921913323739558,0.0,5,3.34176898904044,-234.17689890404398,12.445936231142673,0.00023964985775493285
20,15,external_baseline,dlinear,0.028527283027581063,8.445629907898031e-06,5,2.4307418826954357,-143.07418826954355,7.187463591673382,0.0019850494560237695
20,15,external_baseline,patchtst,0.00015601395367427682,6.51537532047273e-05,5,0.013293577629328356,98.67064223706717,-6.765372245297397,0.0024865131213642234
20,15,external_baseline,gru,0.042505812227428955,0.0008848932000644071,5,3.6218190824308683,-262.1819082430868,13.803375253671593,0.00010021405648690635
20,15,external_baseline,tcn,0.00023377172539024513,7.737709537307232e-05,5,0.01991913226880576,98.00808677311943,-6.726849968872065,0.002538524400304395
